"Step","Predicted_Diff_Log"
1,0.139856144161522
2,0.117887227622399
