"Year","Actual","Predicted"
2019,4.8366748956438,4.57092054081243
2020,5.14529053063494,5.14282142117455
