"","ME","RMSE","MAE","MPE","MAPE"
"Test set",0.134111732145882,0.187924816899426,0.134111732145882,2.77127750322445,2.77127750322445
