"Axis","Eigenvalue","Prop_Constrained","Cum_Constrained","Prop_Total","Cum_Total"
"RDA1",0.220157101524388,68.8293281186014,68.8293281186014,43.8114643469725,43.8114643469725
"RDA2",0.050886419699855,15.9089943229208,84.7383224415222,10.1264440119744,53.9379083589469
"RDA3",0.0287999671576838,9.00394479930765,93.7422672408298,5.73121977708754,59.6691281360345
"RDA4",0.0200159487827515,6.2577327591702,100,3.98319209507399,63.6523202311085
