"Variable","RDA1","RDA2"
"dfs",-0.935333975415795,0.148976316967875
"oxy",0.777711980501194,0.588948830818831
"bdo",-0.528371860369931,-0.810730567326926
"alt",0.840000091324717,-0.228744447234576
